<?xml version="1.0" encoding="UTF-8"?>
<config xmlns="http://www.knime.org/2008/09/XMLConfig" xmlns:xsi="http://www.w3.org/2001/XMLSchema-instance" xsi:schemaLocation="http://www.knime.org/2008/09/XMLConfig http://www.knime.org/XMLConfig_2008_09.xsd" key="model.xml">
<entry key="version" type="xint" value="1"/>
<entry key="class_name" type="xstring" value="org.knime.base.data.normalize.NormalizerPortObject"/>
<config key="model">
<config key="columns">
<config key="orbital_period">
<entry key="column_name" type="xstring" value="orbital_period"/>
<entry key="column_scale" type="xdouble" value="4.565252816884556E-4"/>
<entry key="column_translate" type="xdouble" value="-1.1040723552385271E-4"/>
<entry key="column_min" type="xdouble" value="0.0"/>
<entry key="column_max" type="xdouble" value="1.0"/>
</config>
<config key="transit_epoch">
<entry key="column_name" type="xstring" value="transit_epoch"/>
<entry key="column_scale" type="xdouble" value="7.396414734199508E-4"/>
<entry key="column_translate" type="xdouble" value="-0.08913856805358379"/>
<entry key="column_min" type="xdouble" value="0.0"/>
<entry key="column_max" type="xdouble" value="1.0"/>
</config>
<config key="transit_duration">
<entry key="column_name" type="xstring" value="transit_duration"/>
<entry key="column_scale" type="xdouble" value="0.007220842239038762"/>
<entry key="column_translate" type="xdouble" value="-3.754837964300156E-4"/>
<entry key="column_min" type="xdouble" value="0.0"/>
<entry key="column_max" type="xdouble" value="1.0"/>
</config>
<config key="impact_parameter">
<entry key="column_name" type="xstring" value="impact_parameter"/>
<entry key="column_scale" type="xdouble" value="0.0099200444417991"/>
<entry key="column_translate" type="xdouble" value="0.0"/>
<entry key="column_min" type="xdouble" value="0.0"/>
<entry key="column_max" type="xdouble" value="1.0"/>
</config>
<config key="transit_depth">
<entry key="column_name" type="xstring" value="transit_depth"/>
<entry key="column_scale" type="xdouble" value="6.48760866744518E-7"/>
<entry key="column_translate" type="xdouble" value="0.0"/>
<entry key="column_min" type="xdouble" value="0.0"/>
<entry key="column_max" type="xdouble" value="1.0"/>
</config>
<config key="planet_radius">
<entry key="column_name" type="xstring" value="planet_radius"/>
<entry key="column_scale" type="xdouble" value="4.9913669317548366E-6"/>
<entry key="column_translate" type="xdouble" value="-3.9930935454038694E-7"/>
<entry key="column_min" type="xdouble" value="0.0"/>
<entry key="column_max" type="xdouble" value="1.0"/>
</config>
<config key="planet_temperature">
<entry key="column_name" type="xstring" value="planet_temperature"/>
<entry key="column_scale" type="xdouble" value="6.83052604848603E-5"/>
<entry key="column_translate" type="xdouble" value="-0.0018332555314460094"/>
<entry key="column_min" type="xdouble" value="0.0"/>
<entry key="column_max" type="xdouble" value="1.0"/>
</config>
<config key="insolation_flux">
<entry key="column_name" type="xstring" value="insolation_flux"/>
<entry key="column_scale" type="xdouble" value="9.134460095719659E-8"/>
<entry key="column_translate" type="xdouble" value="-1.8268920191439317E-9"/>
<entry key="column_min" type="xdouble" value="0.0"/>
<entry key="column_max" type="xdouble" value="1.0"/>
</config>
<config key="star_temperature">
<entry key="column_name" type="xstring" value="star_temperature"/>
<entry key="column_scale" type="xdouble" value="7.555723460521345E-5"/>
<entry key="column_translate" type="xdouble" value="-0.201057801284473"/>
<entry key="column_min" type="xdouble" value="0.0"/>
<entry key="column_max" type="xdouble" value="1.0"/>
</config>
<config key="star_gravity">
<entry key="column_name" type="xstring" value="star_gravity"/>
<entry key="column_scale" type="xdouble" value="0.1880759826970096"/>
<entry key="column_translate" type="xdouble" value="-0.00883957118675945"/>
<entry key="column_min" type="xdouble" value="0.0"/>
<entry key="column_max" type="xdouble" value="1.0"/>
</config>
<config key="star_radius">
<entry key="column_name" type="xstring" value="star_radius"/>
<entry key="column_scale" type="xdouble" value="0.004351629032328252"/>
<entry key="column_translate" type="xdouble" value="-4.743275645237795E-4"/>
<entry key="column_min" type="xdouble" value="0.0"/>
<entry key="column_max" type="xdouble" value="1.0"/>
</config>
</config>
<entry key="summary" type="xstring" value="Min/Max (0.0, 1) normalization on 11 column(s)"/>
</config>
</config>
